<?xml version="1.0" encoding="UTF-8" standalone="yes"?>
<addon id="plugin.video.HomeAndGarden" name="HomeAndGarden" version="0.0.2" provider-name="DaxterXS">
  <requires>
    <import addon="xbmc.python" version="2.24.0"/>
    <import addon="script.module.requests" version="2.12.4"/>
  </requires>
  <extension point="xbmc.python.pluginsource" library="addon.py">
    <provides>video</provides>
  </extension>
  <extension point="xbmc.addon.metadata">
    <summary lang="it">HomeAndGarden diretta</summary>
    <description lang="it">Streaming  della diretta di Cielo</description>
    <summary lang="en">HomeAndGarden Italy live</summary>
    <description lang="en">Live streaming of HomeAndGarden Italy</description>
    <language>it</language>
    <platform>all</platform>
    <license>GNU GENERAL PUBLIC LICENSE, Version 3, 29 June 2007</license>
    <website>https://www.cielotv.it/streaming.html</website>
    <source>https://github.com/DaxterXS/plugin.video.Cielo</source>
    <forum></forum>
    <website></website>
    <email></email>    
  </extension>
</addon>
